0,0.8605004049812695
1,0.8960092330104733
2,0.9429705027004569
3,0.8857196717906106
4,0.9077063772330701
5,0.8887970502700456
6,0.8831518072289156
7,0.8860299127544661
8,0.8686708860759493
9,0.8557747765254565
10,0.8352124286620165
11,0.7341598236521505
12,0.854295121663123
13,0.7333616820222064
14,0.8151350467660115
15,0.7669879518072289
16,0.8409232931726907
17,0.7083392661555311
18,0.7590941316285549
19,0.7442897664276737
20,0.7239620644741126
21,0.7863994288843686
22,0.7541766083943617
23,0.8196315261044176
24,0.8264975987867553
25,0.7231488869384823
26,0.7547098393574296
27,0.8181013710012464
28,0.8447359113874854
29,0.8377295401826236
30,0.8159644402854134
31,0.8779985658815634
32,0.8682198714644673
33,inf
34,0.9437463647694224
35,0.8855128791026173
36,0.8660946149462715
37,0.8748310890621309
38,0.7824710530433422
39,0.850429892647513
40,0.8868381420418515
41,0.8970292127413764
42,0.8843722476111342
43,0.8832222640562248
44,0.8582082439346427
45,0.8613408634538152
46,0.9065959552495697
47,0.894053856270151
48,0.9269410860224112
49,0.9235463772899818
50,0.8988319029542827
51,0.870730421686747
52,0.8981337349397591
53,0.8745110509605991
54,0.8811901660696841
55,0.8842319277108432
56,0.8661903496338293
57,0.8799096385542169
58,0.877146803775612
59,0.9009910420904398
60,0.7868056224899599
61,0.8575211048274731
62,0.867821010067668
63,0.8461356425702811
64,0.9106682473135785
65,0.8609874497991968
66,0.8172088353413653
67,0.895374063822859
68,0.9429179462949838
69,0.8119206295380195
70,0.8645559210526316
71,0.8629867378258279
72,0.8596204819277107
73,0.8716078006292687
74,0.8354520922807951
75,0.8742479820271183
76,0.8644343525788547
77,0.9168532358117202
78,0.8897681515535827
79,0.8803929443263249
80,0.8631748488054444
81,0.8495786625884982
82,0.8617961483238653
83,0.9393689140122131
84,0.8539538086556754
85,0.8827577452667813
86,0.8681345516293361
87,0.874159052316649
88,0.8681276124907793
89,0.8529607018678741
90,0.8927676706827309
91,0.8701831650928037
92,0.881097812301839
93,0.8738962428662016
94,0.7429668674698794
95,0.8670455523392271
96,0.8121720214190093
97,0.8685890823568244
98,0.8786802138129984
99,0.9002858492794708
100,0.7878892038743208
101,0.8652128381073964
102,0.8803062900954468
103,0.9020123738196028
104,0.7478135542168675
105,0.8604734939759037
106,0.8786767068273093
107,0.904720281124498
108,0.8765983935742971
109,0.9143251004016065
110,0.8499505020080321
111,0.8389016064257029
112,0.8545824393464267
113,0.8654408051367144
114,0.8593639595977896
115,0.8516493614614913
116,0.8092625377974838
117,0.8674761099991434
118,0.8678978897786993
119,0.9185603035925378
120,0.9204622571920333
121,0.8692021515192054
122,0.883155195037576
123,0.8681306475903614
124,0.9051018890376319
125,0.870105787480247
126,0.4253623188405796
127,0.8973400498545907
128,0.8364240963855423
129,0.8897304736186123
130,0.876278043207312
131,0.8351360614873286
132,0.8458106072940409
133,0.7929123390112173
134,0.8520372573094928
135,0.8332274668293427
136,0.849650183010523
137,0.8363188468158347
138,0.7710152252847003
139,0.7837171052631579
140,0.9152065404475043
141,0.8711700322416427
142,0.9178553027901076
143,0.8269842134495428
144,0.8698490012682307
145,0.9104174927558335
146,0.8908210392590771
147,0.9047057147508955
148,0.9108004936412314
149,0.8335608641462401
150,0.8871915832343459
151,0.8875177116918378
152,0.8572431153184166
153,0.9362042814113597
154,0.8801278028781792
155,0.9029022339357429
156,0.8933619896251671
157,0.852773814006024
158,0.8854728265580306
159,0.8832155194203386
160,0.9730800590898626
161,0.8903007950168019
162,0.929717670682731
163,0.8862213855421687
164,0.9010046184738957
165,0.8933779116465862
166,0.8490204819277108
167,0.8901693046696589
168,1.0057154133776487
169,0.87024470294973
170,0.9438761944329039
171,0.9007789156626506
172,0.8616646586345381
173,0.9298076443705857
174,0.9076659742417947
175,0.9017054424594931
176,0.8669310358316382
177,0.8671666930881419
178,0.8608374715076522
179,0.8150615205921725
180,0.8842579858909321
181,0.8688589195491645
182,0.8991036695802818
183,0.887932874354561
184,0.9108172272423025
185,0.9182271795515393
186,0.9235885207496652
187,0.8664342721203284
188,
189,0.8531812434924885
190,0.8893072289156626
191,0.9226983592263792
192,0.9145496173884728
193,0.8798644578313253
194,0.8637743738110337
195,0.8964314759036143
196,0.8495940716508417
197,0.8731992254733218
198,0.8704053886779995
199,0.8162115127175368
200,0.8974726907630522
201,0.851020281124498
202,0.8377179664604363
203,0.860299223208624
204,0.8670970637516955
205,0.8703467871485944
206,0.8813153931515536
207,0.856417040711867
208,0.8651419403102606
209,0.8922057293923896
210,0.8350960653244205
211,0.8636024096385542
212,0.8841353437702907
213,0.905596716909953
214,0.9130091125516754
215,0.9150681523562603
216,0.9204255351577086
217,0.8299956202360462
218,0.880768679476664
219,0.8843068283266059
220,0.8878493975903614
221,0.8896316998764288
222,0.8833816556548776
223,0.9043066204210782
224,0.9352456377233069
225,0.9126421894474449
226,0.9076978604071456
227,0.8856497991967872
228,0.8955
229,0.9385594879518072
230,0.9068210680560077
231,0.8924968294229548
232,3.182637412394677
233,0.9003037979733501
234,0.8897050930996714
235,0.8942765705679862
236,0.8574900893898172
237,0.8688253012048193
238,0.8718922251506023
239,0.8956987951807228
240,0.8879523719879517
241,0.8995602409638552
242,0.9153970256024095
243,0.8801410015060239
244,0.8936917189305167
245,0.9253237010542167
246,0.8991456209453197
247,0.9068151355421687
248,0.896452830552981
249,0.8952643072289155
250,0.9183969210174029
251,
252,
253,
254,
255,
256,
257,
258,
259,
260,
261,
262,
263,
264,
265,
266,
267,
268,
269,
270,
271,
272,
273,
274,
275,
276,
277,
278,
279,
280,
281,
282,
283,
284,
285,
286,
287,
288,
289,
290,
291,
292,
293,
294,
295,
296,
297,
298,
299,
300,
301,
302,
303,
304,
305,
306,
307,
308,
309,
310,
311,
312,
313,
314,
315,
316,
317,
318,
319,
320,
321,
322,
323,
324,
325,
326,
327,
328,
329,
330,
331,
332,
333,
334,
335,
336,
337,
338,
339,
340,
341,
342,
343,
344,
345,
346,
347,
348,
349,
350,
351,
352,
353,
354,
355,
356,
357,
358,
359,
360,
361,
362,
363,
364,
365,
366,
367,
368,
369,
370,
371,
372,
373,
374,
375,
376,
377,
378,
379,
380,
381,
382,
383,
384,
385,
386,
387,
388,
389,
390,
391,
392,
393,
394,
395,
396,
397,
398,
399,
400,
401,
402,
403,
404,
405,
406,
407,
408,
409,
410,
411,
412,
413,
414,
415,
416,
417,
418,
419,
420,
421,
422,
423,
424,
425,
426,
427,
428,
429,
430,
431,
432,
433,
434,
435,
436,
437,
438,
439,
440,
441,
442,
443,
444,
445,
446,
447,
448,
449,
450,
451,
452,
453,
454,
455,
456,
457,
458,
459,
460,
461,
462,
463,
464,
465,
466,
467,
468,
469,
470,
471,
472,
473,
474,
475,
476,
477,
478,
479,
480,
481,
482,
483,
484,
485,
486,
487,
488,
489,
490,
491,
492,
493,
494,
495,
496,
497,
498,
499,
500,
501,
502,
503,
504,
505,
506,
507,
508,
509,
510,
511,
512,
513,
514,
515,
516,
517,
518,
519,
520,
521,
522,
523,
524,
525,
526,
527,
528,
529,
530,
531,
532,
533,
534,
535,
536,
537,
538,
539,
540,
541,
542,
543,
544,
545,
546,
547,
548,
549,
550,
551,
552,
553,
554,
555,
556,
557,
558,
559,
560,
561,
562,
563,
564,
565,
566,
567,
568,
569,
570,
571,
572,
573,
574,
575,
576,
577,
578,
579,
580,
581,
582,
583,
584,
585,
586,
587,
588,
589,
590,
591,
592,
593,
594,
595,
596,
597,
598,
599,
600,
601,
602,
603,
604,
605,
606,
607,
608,
609,
610,
611,
612,
613,
614,
615,
616,
617,
618,
619,
620,
621,
622,
623,
624,
625,
626,
627,
628,
629,
630,
631,
632,
633,
634,
635,
636,
637,
638,
639,
640,
641,
642,
643,
644,
645,
646,
647,
648,
649,
650,
651,
652,
653,
654,
655,
656,
657,
658,
659,
660,
661,
662,
663,
664,
665,
666,
667,
668,
669,
670,
671,
672,
673,
674,
675,
676,
677,
678,
679,
680,
681,
682,
683,
684,
685,
686,
687,
688,
689,
690,
691,
692,
693,
694,
695,
696,
697,
698,
699,
700,
701,
702,
703,
704,
705,
706,
707,
708,
709,
710,
711,
712,
713,
714,
715,
716,
717,
718,
719,
720,
721,
722,
723,
724,
725,
726,
727,
728,
729,
730,
731,
732,
733,
734,
735,
736,
737,
738,
739,
740,
741,
742,
743,
744,
745,
746,
747,
748,
749,
750,
751,
752,
753,
754,
755,
756,
757,
758,
759,
760,
761,
762,
763,
764,
765,
766,
767,
768,
769,
770,
771,
772,
773,
774,
775,
776,
777,
778,
779,
780,
781,
782,
783,
784,
785,
786,
787,
788,
789,
790,
791,
792,
793,
794,
795,
796,
797,
798,
799,
800,
801,
802,
803,
804,
805,
806,
807,
808,
809,
810,
811,
812,
813,
814,
815,
816,
817,
818,
819,
820,
821,
822,
823,
824,
825,
826,
827,
828,
829,
830,
831,
832,
833,
834,
835,
836,
837,
838,
839,
840,
841,
842,
843,
844,
845,
846,
847,
848,
849,
850,
851,
852,
853,
854,
855,
856,
857,
858,
859,
860,
861,
862,
863,
864,
865,
866,
867,
868,
869,
870,
871,
872,
873,
874,
875,
876,
877,
878,
879,
880,
881,
882,
883,
884,
885,
886,
887,
888,
889,
890,
891,
892,
893,
894,
895,
896,
897,
898,
899,
900,
901,
902,
903,
904,
905,
906,
907,
908,
909,
910,
911,
912,
913,
914,
915,
916,
917,
918,
919,
920,
921,
922,
923,
924,
925,
926,
927,
928,
929,
930,
931,
932,
933,
934,
935,
936,
937,
938,
939,
940,
941,
942,
943,
944,
945,
946,
947,
948,
949,
950,
951,
952,
953,
954,
955,
956,
957,
958,
959,
960,
961,
962,
963,
964,
965,
966,
967,
968,
969,
970,
971,
972,
973,
974,
975,
976,
977,
978,
979,
980,
981,
982,
983,
984,
985,
986,
987,
988,
989,
990,
991,
992,
993,
994,
995,
996,
997,
998,
999,
1000,
1001,
1002,
1003,
1004,
1005,
1006,
1007,
1008,
1009,
1010,
1011,
1012,
1013,
1014,
1015,
1016,
1017,
1018,
1019,
1020,
1021,
1022,
1023,
1024,
1025,
1026,
1027,
1028,
1029,
1030,
1031,
1032,
1033,
1034,
1035,
1036,
1037,
1038,
1039,
1040,
1041,
1042,
1043,
1044,
1045,
1046,
1047,
1048,
1049,
1050,
1051,
1052,
1053,
1054,
1055,
1056,
1057,
1058,
1059,
1060,
1061,
1062,
1063,
1064,
1065,
1066,
1067,
1068,
1069,
1070,
1071,
1072,
1073,
1074,
1075,
1076,
1077,
1078,
1079,
1080,
1081,
1082,
1083,
1084,
1085,
1086,
1087,
1088,
1089,
1090,
1091,
1092,
1093,
1094,
1095,
1096,
1097,
1098,
1099,
1100,
1101,
1102,
1103,
1104,
1105,
1106,
1107,
1108,
1109,
1110,
1111,
1112,
1113,
1114,
1115,
1116,
1117,
1118,
1119,
1120,
1121,
1122,
1123,
1124,
1125,
1126,
1127,
1128,
1129,
1130,
1131,
1132,
1133,
1134,
1135,
1136,
1137,
1138,
1139,
1140,
1141,
1142,
1143,
1144,
1145,
1146,
1147,
1148,
1149,
1150,
1151,
1152,
1153,
1154,
1155,
1156,
1157,
1158,
1159,
1160,
1161,
1162,
1163,
1164,
1165,
1166,
1167,
1168,
1169,
1170,
1171,
1172,
1173,
1174,
1175,
1176,
1177,
1178,
1179,
1180,
1181,
1182,
1183,
1184,
1185,
1186,
1187,
1188,
1189,
1190,
1191,
1192,
1193,
1194,
1195,
1196,
1197,
1198,
1199,
1200,
1201,
1202,
1203,
1204,
1205,
1206,
1207,
1208,
1209,
1210,
1211,
1212,
1213,
1214,
1215,
1216,
1217,
1218,
1219,
1220,
1221,
1222,
1223,
1224,
1225,
1226,
1227,
1228,
1229,
1230,
1231,
1232,
1233,
1234,
1235,
1236,
1237,
1238,
1239,
1240,
1241,
1242,
1243,
1244,
1245,
1246,
1247,
1248,
1249,
1250,
1251,
1252,
1253,
1254,
1255,
1256,
1257,
1258,
1259,
1260,
1261,
1262,
1263,
1264,
1265,
1266,
1267,
1268,
1269,
1270,
1271,
1272,
1273,
1274,
1275,
1276,
1277,
1278,
1279,
1280,
1281,
1282,
1283,
1284,
1285,
1286,
1287,
1288,
1289,
1290,
1291,
1292,
1293,
1294,
1295,
1296,
1297,
1298,
1299,
1300,
1301,
1302,
1303,
1304,
1305,
1306,
1307,
1308,
1309,
1310,
1311,
1312,
1313,
1314,
1315,
1316,
1317,
1318,
1319,
1320,
1321,
1322,
1323,
1324,
1325,
1326,
1327,
1328,
1329,
1330,
1331,
1332,
1333,
1334,
1335,
1336,
1337,
1338,
1339,
1340,
1341,
1342,
1343,
1344,
1345,
1346,
1347,
1348,
1349,
1350,
1351,
1352,
1353,
1354,
1355,
1356,
1357,
1358,
1359,
1360,
1361,
1362,
1363,
1364,
1365,
1366,
1367,
1368,
1369,
1370,
1371,
1372,
1373,
1374,
1375,
1376,
1377,
1378,
1379,
1380,
1381,
1382,
1383,
1384,
1385,
1386,
1387,
1388,
1389,
1390,
1391,
1392,
1393,
1394,
1395,
1396,
1397,
1398,
1399,
1400,
1401,
1402,
1403,
1404,
1405,
1406,
1407,
1408,
1409,
1410,
1411,
1412,
1413,
1414,
1415,
1416,
1417,
1418,
1419,
1420,
1421,
1422,
1423,
1424,
1425,
1426,
1427,
1428,
1429,
1430,
1431,
1432,
1433,
1434,
1435,
1436,
1437,
1438,
1439,
1440,
1441,
1442,
1443,
1444,
1445,
1446,
1447,
1448,
1449,
1450,
1451,
1452,
1453,
1454,
1455,
1456,
1457,
1458,
1459,
1460,
1461,
1462,
1463,
1464,
1465,
1466,
1467,
1468,
1469,
1470,
1471,
1472,
1473,
1474,
1475,
1476,
1477,
1478,
1479,
1480,
1481,
1482,
1483,
1484,
1485,
1486,
1487,
1488,
1489,
1490,
1491,
1492,
1493,
1494,
1495,
1496,
1497,
1498,
1499,
1500,
1501,
1502,
1503,
1504,
1505,
1506,
1507,
1508,
1509,
1510,
1511,
1512,
1513,
1514,
1515,
1516,
1517,
1518,
1519,
1520,
1521,
1522,
1523,
1524,
1525,
1526,
1527,
1528,
1529,
1530,
1531,
1532,
1533,
1534,
1535,
1536,
1537,
1538,
1539,
1540,
1541,
1542,
1543,
1544,
1545,
1546,
1547,
1548,
1549,
1550,
1551,
1552,
1553,
1554,
1555,
1556,
1557,
1558,
1559,
1560,
1561,
1562,
1563,
1564,
1565,
1566,
1567,
1568,
1569,
1570,
1571,
1572,
1573,
1574,
1575,
1576,
1577,
1578,
1579,
1580,
1581,
1582,
1583,
1584,
1585,
1586,
1587,
1588,
1589,
1590,
1591,
1592,
1593,
1594,
1595,
1596,
1597,
1598,
1599,
1600,
1601,
1602,
1603,
1604,
1605,
1606,
1607,
1608,
1609,
1610,
1611,
1612,
1613,
1614,
1615,
1616,
1617,
1618,
1619,
1620,
1621,
1622,
1623,
1624,
1625,
1626,
1627,
1628,
1629,
1630,
1631,
1632,
1633,
1634,
1635,
1636,
1637,
1638,
1639,
1640,
1641,
1642,
1643,
1644,
1645,
1646,
1647,
1648,
1649,
1650,
1651,
1652,
1653,
1654,
1655,
1656,
1657,
1658,
1659,
1660,
1661,
1662,
1663,
1664,
1665,
1666,
1667,
1668,
1669,
1670,
1671,
1672,
1673,
1674,
1675,
1676,
1677,
1678,
1679,
1680,
1681,
1682,
1683,
1684,
1685,
1686,
1687,
1688,
1689,
1690,
1691,
1692,
1693,
1694,
1695,
1696,
1697,
1698,
1699,
1700,
1701,
1702,
1703,
1704,
1705,
1706,
1707,
1708,
1709,
1710,
1711,
1712,
1713,
1714,
1715,
